image,method,mean,std,gradient_mean,laplacian_var
test3_corrupt.pgm,laplacian,16.878633150039278,31.300614253893716,89.25838470458984,5484.052734375
test3_corrupt.pgm,unsharp,108.81320839411963,121.16132983375813,81.38646697998047,1231.188232421875
test3_corrupt.pgm,original,109.20513971495905,121.1117861809789,70.54991912841797,617.3275756835938
test4.tif,laplacian,11.599281311035156,15.862748124077974,43.38907241821289,1329.777099609375
test4.tif,unsharp,136.51473236083984,59.614906499665764,48.46411895751953,113.03005981445312
test4.tif,original,136.54363250732422,57.78584019391944,31.928226470947266,28.099143981933594
